{"cameraMode":{"drawMode":0,"name":"Shaded","section":"Shading Mode"},"sceneLighting":false,"audioPlay":false,"sceneViewState":{"m_AlwaysRefresh":false,"showFog":true,"showSkybox":false,"showFlares":true,"showImageEffects":true,"showParticleSystems":true,"showVisualEffectGraphs":true,"m_FxEnabled":true},"in2DMode":false,"pivot":{"x":0.12000000476837158,"y":2.240000009536743,"z":1.440000057220459},"rotation":{"x":-0.06281406432390213,"y":0.5071040987968445,"z":-0.039329662919044498,"w":-0.8593355417251587},"size":0.5115014910697937,"orthographic":false}